Title,Post Text,Author,Date,Upvotes,Subreddit
"Trump transition team has fleshed out its plan to destroy the US EV market. Trump said that he would kill the $7,500 federal tax credit for electric vehicles and cut funding for electric vehicle production and charging stations. He also vowed to kill the non-existent ‚ÄúJoe Biden EV mandate.‚Äú",,mafco,1734451072.0,4007,energy
Spotted this great EV charging station ,,iplayfactorio,1730648917.0,4074,electricvehicles
New to EV Charging. Someone please explain,"I created a free account with ChargePoint as they have some right next to my job.

Charging speed is 6.6 kW, is that an hour? If I needed to charge 40kWh of my 81kWh battery (Model Y), would it just take 5 hours? 

For cost, it estimate $7.26/2 hrs, or $3.63/1 hr. That sounds very expensive, is it? How accurate are these estimates? 

It also says the energy rate is $0.55/kWh. So am I paying that rate or the hourly rate? I am probably doing my math wrong, but I don‚Äôt think those rates are the same. I think the 0.55/kWh is more expensive over the $3.63/hr. 

At my apartment complex I have EVGateway charging at $.35/kWh (when there isn‚Äôt a gas car taking up the space 95% of the time) 


",iAppleFanatic,1719466754.0,3,evcharging
Is EV battery charging going to get much faster?,"I got an EV last year and I've loved it.  It seems to me the only draw back is the charging time.  I periodically have to drive ~500 miles in a day.  That's 8-9 hours with two or three ~5 min stops in my old ICE vehicle.

I just did it in the EV and stopping to charge when it told me to...  It took 11 hours with 3 ~40 minute stops.

Now I'll say this, I kinda didn't mind em, I watched a TV show stretched my legs, got a bite to eat.  But if I was in a rush, that's a lot slower.

I'm wondering if there seems to be much room for innovation on battery charging, new techniques? more power? different chemistry?  Or are we kind of looking at boundaries in physics?

Mostly I'm asking cause my new phone seems to charge maybe 3x faster than my old one... are there similarly big leaps coming in automotives?",smoochface,1720554207.0,31,AskEngineers
EV charging cost per month from home,I am trying to find out how much do you pay extra for level 2 charging at home? Have you compared PGE bill before / after charging your EV at home?  If you don‚Äôt mind sharing?,Desperate-Proof-2203,1703918799.0,7,bayarea
First time charging at Costco,"Six new level 3 chargers at a new Costco just south of Atlanta (Stockbridge).  Up to 200kw at $0.32 per kwh. They have ""Costco member-only"" written on them but there was no member number required. Just used the ev connect app to start the charge.",red_ray_atl,1706021786.0,4370,Costco
I found a free EV charger and it almost feels criminal lol,"I just got my Bolt 2 weeks ago and I‚Äôm still getting used to the charging situation.

I went to an evGo station at it cost $11 to charge 25% which I though was kind of crazy (I‚Äôm in California so it was 57cents/kw).

Anyway today I really needed a fast charge and I pull up to the station and there is a Tesla there. And even though there‚Äôs 2 plugs, apparently only one can be used at a time.

So I hopped on Google to find other charging stations and saw that the AAA across the street had 2 free ones. I didn‚Äôt believe it at first, but I pulled up and low and behold it really is free!

Ain‚Äôt no way I‚Äôm even charging at home anymore lol.",ComprehensiveSnow966,1653331073.0,33,BoltEV
ULPT request - creative places or methods to trickle-charge an EV,I have an EV (actually a PHEV) but live in an apartment with no way to top up the (very small) battery. Charging infrastructure is bad and expensive in my city. Looking for unexpected places that often have unsupervised standard power outlets outdoors. ,hatts,1724620151.0,0,UnethicalLifeProTips
Do you charge extra for charging EV?,"Our next guest asked to use our Tesla charger for their EV HUMMER. I suspect it will end up a costly affair. Do you have experience charging extra for EV charging? How do you handle it? 
Thanks! ",ShakedBerenson,1713242776.0,0,airbnb_hosts
Which App is Best for Finding a Charging Station?,"I recently leased a Solterra and I‚Äôm a bit confused by the amount of apps (and differing data sets) when it comes to finding an EV charging station. Right now I have Electrify America, EVgo, ChargePoint, and PlugShare. Am I missing something better?  Which app should I be using?",schwarta77,1721655907.0,41,evcharging
"Trump Revokes Biden EV Targets, Freezes Funds for Nationwide Charging Network",,abidalliye,1737482157.0,32804,technology
"Trump Will Reportedly Block the US Government and Military From Buying EVs. Trump‚Äôs attack on EVs is bigger than previously thought. Trump wants to abolish EV subsidies, claw back funding for charging infrastructure, block EV battery imports, and ban federal and military purchases. ",,mafco,1734547333.0,3098,energy
"US Postal Service says it is going electric despite Trump. While Trump aims to cancel contracts for new EVs, the postmaster general says he won‚Äôt return any funding for EVs ‚Äì unless Congress forces the issue. Last year, Congress gave USPS $3 billion to buy EVs and charging infrastructure.",,mafco,1733942093.0,4455,energy
"Elon laying off Rebecca Tinucci, Sr director of EV Charging, and her staff of 500 more as layoffs intensify",,valkyriemissile,1714454751.0,9116,teslamotors
Samsung delivers solid-state battery for EVs with 600-mile range as it teases 9-minute charging and 20-year lifespan tech,,chrisdh79,1722432401.0,9379,Futurology
"A [Ferrari 512] EV Conversion being charged, UK",,T4nzanite,1739419954.0,3053,spotted
"Oil-backed senators introduce bills to kill $7,500 EV tax credit, add $1,000 tax on electric cars. GOP senators have introduced a pair of bills going after electric vehicles and incentives for charging stations. It‚Äôs going to cripple the US EV market, which is already behind the rest of the world.",,mafco,1739548573.0,1366,energy
Sweden is building the world's first permanent electrified road for EVs to charge while driving,,mancinedinburgh,1682756692.0,28720,worldnews
Trump Executive Order Freezes EV Charging Station Funding,,billsoule,1737499020.0,2141,electriccars
California will require EV charging for all new residential units in 2026,,Bravadette,1734545829.0,2856,electricvehicles
The US Now Has 1 Fast EV Charging Station for Every 15 Gas Stations,,giuliomagnifico,1713550892.0,4946,gadgets
"All 50 states get green light to build EV charging stations covering 75,000 miles of highways",,StevenSanders90210,1664303442.0,32880,news
Elon Musk‚Äôs shock firing of Supercharger team sparks broader fears about the future of the EV industry ‚Äì ‚ÄòTesla is yielding the charging crown‚Äô,,redeemer404,1714672624.0,4646,technology
I think putting gas in my gas powered car is actually more inconvenient than keeping my EV charged,"I charge at home and don't road trip often and my wife's bronco sport is now oddly inconvenient every time I drive it it's out of gas. Seems to be the general public doesn't understand that though people seem to think owning an EV is inconvenient.


Edit: Sorry I didn't give this post more context I didn't mean to speak for everyone. I understand not everyone owns a home or has a place to charge. I was mostly just talking from my own personal experience and comparing things to my siblings and neighbors and people with similar backgrounds and situations.",JSmooVE39902,1739051402.0,1080,electricvehicles
"Samsung‚Äôs EV battery breakthrough: 600-mile charge in 9 mins, 20 year lifespan",,Kookaburrrra,1725462021.0,3112,technology
"Texas to charge EV owners $400 to register vehicles, $200 every year",,wewewawa,1684652647.0,7511,technews
"ELI5: How can the US power grid struggle with ACs in the summer, but be (allegedly) capable of charging millions of EVs once we all make the switch?",Currently we are told the power grid struggles to handle the power load demand during the summer due to air conditioners. Yet scientists claim this same power grid could handle an entire nation of EVs. How? What am I missing?,MonstahButtonz,1655943225.0,20941,explainlikeimfive
"All 50 states get green light to build EV charging stations covering 75,000 miles of highways",,sankscan,1664314045.0,17971,technology
"At a parking lot. These cars are all parked in EV charging spots, despite the fact that none of these are electric vehicles‚Ä¶",,RedHot_Dragon,1641120776.0,38545,mildlyinfuriating
"California May Do EV Rebates Under Trump‚ÄîBut Not For Tesla. ""We will intervene if the Trump Administration eliminates the federal tax credit."" Musk and Trump both support ending the tax credits. California has the highest adoption of EVs in the US and the largest public fast-charging network.",,mafco,1732632946.0,983,energy
Elon Musk learns how EV charging works from Pete Buttigieg,,modooff,1732654351.0,2604,politics
Trump wants to end the $7.5B bipartisan EV charger buildout. Can he? Trump has targeted EV charging grants that are helping build chargers on highways and in ‚Äã‚Äúcharging deserts‚Äù in red and blue states alike. But experts say federal agencies can‚Äôt legally hold back funds authorized by Congress.,,mafco,1738267242.0,1027,energy
"EVs don't need to charge as quickly as gas cars fill up, US consumers say",,Bravadette,1736296508.0,996,electricvehicles
Hertz website says you need to return an EV with at least 10% battery life. But they hide the fact you‚Äôll be charged a fee if it‚Äôs under 80% in the policy.,,jengl,1695429156.0,10398,mildlyinfuriating
"HOAs in Michigan lose veto power over rooftop solar, home EV charging and more",,georgehotelling,1720532054.0,3086,Michigan
"Tesla‚Äôs NACS Set to Become Official US Federal EV Charging Standard | This decision aims to unify and streamline the nation‚Äôs EV charging infrastructure, promising greater compatibility, efficiency, and accessibility for EV users.",,chrisdh79,1733415277.0,984,electricvehicles
[OC] EV Charging in the Continental US: 2010-2022,,boutell,1654516976.0,12726,dataisbeautiful
"Toyota claims that its newly developed batteries can enable a maximum EV range of 500km in one full charge, and a zero to 100% charging time of just 10 minutes",,fotogneric,1607650631.0,19232,Futurology
"Developer Of Aluminum-Ion Battery Claims It Charges 60 Times Faster Than Lithium-Ion, Offering EV Range Breakthrough",,AndrewSshi,1621525883.0,16980,Futurology
"Germany Will Force 80% of Gas Stations to Install EV Charging, Too",,ourlifeintoronto,1694443623.0,4583,technology
Two U.S. lawmakers on Thursday unveiled legislation that would create a nationwide electric vehicle (EV) charging network. U.S. automakers like General Motors Co (GM.N) and Ford Motor Co (F.N) are spending billions of dollars to build new electric vehicles,,Wagamaga,1581083482.0,28478,Futurology
Oil companies buying up EV charging networks: Shell acquires ubitricity,,SoUnProfessional,1612570572.0,14120,Futurology
"Elon laying off Rebecca Tinucci, Sr director of EV Charging, and her staff of 500 more as layoffs intensify",,spriteking2012,1714456360.0,1587,RealTesla
Ha Ha LeT's PaRk OuR dIeSeL's In ThE eV cHaRgInG sPoTs,,SoCalStratRider,1677555324.0,4376,trashy
Samsung delivers 600-mile solid-state EV battery as it teases 9-minute charging and 20-year lifespan tech,,wish-u-well,1722047873.0,2048,technology
EVs in apartment carparks a battleground amid fight over right to charge,,PlusWorldliness7,1734395865.0,907,australia
"Trump Will Reportedly Block the US Government and Military From Buying EVs. Trump‚Äôs attack on EVs is bigger than previously thought. Trump wants to abolish EV subsidies, claw back funding for charging infrastructure, block EV battery imports, and ban federal and military purchases. ",,xandra77mimic,1734782932.0,797,BoomersBeingFools
"A universal ‚ÄòPlug and Charge‚Äô protocol for EV charging is coming in 2025 | No more fobs, no more app signups. Just plug in and start charging.",,chrisdh79,1733324140.0,1122,electricvehicles
This guy parking in an EV Charging spot,,anislitim,1663768086.0,4999,mildlyinfuriating
"The Polestar 5 To Charge So Fast, It Could Be the Closest EV You'll Get to Filling Up at the Pump",,audiomuse1,1714715850.0,1599,technology
GM Wants To Eliminate Charging Congestion With Dual-Port EVs,,rumblepony247,1736619756.0,853,electricvehicles
Texas Wants To Charge Tesla & Other EV Owners ~$400 In Annual Fees For Owning An EV,,BurtonDesque,1621109658.0,5455,teslamotors
North Carolina‚Äôs plan to ban free EV charging is an environmental disgrace,,That49er,1655159487.0,6280,environment
Texas to spend $408 million to install EV charging stations every 50 miles on its highways,,chrisdh79,1655851755.0,3779,technology
"Tesla‚Äôs NACS Set to Become Official US Federal EV Charging Standard | This decision aims to unify and streamline the nation‚Äôs EV charging infrastructure, promising greater compatibility, efficiency, and accessibility for EV users.",,chrisdh79,1733415267.0,1004,teslamotors
"Scientists develop ultra-fast charging battery for electric vehicles. The new battery design allows EVs to go from 0% to 80% charge in just a quarter of an hour‚Äîmuch faster than the current industry standard, which takes nearly an hour even at fast-charging stations.",,Wagamaga,1732440071.0,1570,science
"This NASA space tech could make your EV charge faster, too. NASA's tech cools the EV cable to produce charging systems that are far more powerful than currently possible.",,Sariel007,1665324483.0,6902,Futurology
Someone put a Biden I did that sticker at my local EV charging station,,bukowski_knew,1648326769.0,4345,mildlyinteresting
93.7% of EV owners would NOT switch back to ICE [survey by Fully Charged SHOW],,Dreaming_Blackbirds,1720012763.0,1054,electricvehicles
"Car companies like Honda, BMW, and Hyundai are banding together to build an EV-charging network bigger than Tesla's Supercharger empire",,Sorin61,1690393487.0,2812,technology
Why a Oil Company should not run EV charging,"Still waiting for a response on this.      
I keep a balance in my wallet and it was zeroed out.     
",It_Is_Boogie,1733592157.0,970,evcharging
EV battery that reaches full charge in 5 minutes looking to become commercial in 3 years.,,HecticSC,1494661810.0,13645,Futurology
Samsung delivers solid-state battery for EVs with 600-mile range as it teases 9-minute charging and 20-year lifespan tech,,chrisdh79,1722174083.0,1831,tech
"Finally, I can charge my EV at Superchargers!",,UCLA_FEA_FELLOW,1677895284.0,3313,teslamotors
Elon Musk‚Äôs shock firing of Supercharger team sparks broader fears about the future of the EV industry‚Äì‚ÄòTesla is yielding the charging crown‚Äô¬†,,bbrk9845,1714669224.0,1021,electricvehicles
"A solar-panel bed cover brings sustainable power to gas-powered pickups ‚Äî and could someday help charge EVs pickups from Rivian, Ford, and GM",,drunkles,1598746160.0,7345,Futurology
Michigan installs the US's first wireless EV charging public roadway,,terminally_chill206,1701369216.0,2211,tech
Solved: the UK's EV charging problem,,Other_Exercise,1702909723.0,1953,CasualUK
Samsung delivers solid-state battery for EVs with 600-mile range as it teases 9-minute charging and 20-year lifespan tech,,chrisdh79,1722432411.0,1544,technews
Can‚Äôt charge EV car because ChargeUp forgot to renew their certificate making their app unusable ,,Yuri_Ligotme,1719142403.0,2041,mildlyinfuriating
"GM to use Tesla charging network, joining Ford in leveraging the EV leader‚Äôs tech",,xtremepsionic,1686256824.0,1923,cars
Toyota boasts new battery technology with 745-mile range and 10-minute charging time ‚Äî here‚Äôs how it may impact mass EV adoption,"The company has estimated that vehicles boasting solid-state batteries could be available starting in 2027 or 2028.

Such technology could make a real difference in consumer choices, with many unconvinced about switching from dirty-fuel-powered cars to cleaner electric ones because of concerns about driving range.

According to a poll by the Washington Post and the University of Maryland, 74% of 1,404 respondents believed that gas-powered cars are the better choice when making trips of over 250 miles.

Meanwhile, only 10% of respondents thought that fully electric vehicles offer convenience when it comes to recharging.",Old-Praline2897,1700982514.0,1594,wallstreetbets
"I've owned an electric car for four months and not used a public charger once. This is a point that doesn‚Äôt get made enough about EVs: Most of their charging happens at home. Specifically, about 80% of it, according to the DOE. The convenience is one of the most appealing parts of EV ownership.",,mafco,1679598100.0,1838,electricvehicles
"First road trip in my EV - big oof, charging is expensive","My EV is used 95% within 20 miles of home, and I charge at home for about 11¬¢ per kilowatt. 

For 2 years I've had a 1000kw complimentary Electrify America package, which I used everytime I took a longer trip from home. But I just took a trip where I used the last of my EA free kilowatts and had to pay **62¬¢ per kilowatt** to charge without the premium account! Fuck man, when you're burning through kWs on the highway, 62¬¢/kW is more costly per mile than a lot of econo ICE cars.

We need more competition in the charging market to get these prices more reasonable.",PetMogwai,1731536032.0,420,electricvehicles
possible solution to EV truck charging besides a swappable battery,,FlatbedtruckingCA,1719778866.0,884,Truckers
A bill has entered Congress to end the $7500 tax credit for EV owners and charge them a fee instead,,sadelbrid,1539179327.0,6369,teslamotors
"Costco jumps back into EV fast-charging, puts their brand on it",,Salmundo,1729787285.0,761,evcharging
Biden Admin. Proposes Rules to Make EV Charging ‚Äòas Easy as Filling Up at a Gas Station‚Äô,,Remedy_Review,1655124989.0,2891,environment
"Ultralong-Range Electric Cars Are Arriving. Say Goodbye to Charging Stops: We drove 1,000 miles across two countries without stopping just to charge, thanks to a new class of EVs",,PracticalProgress,1685830446.0,1715,technology
"Thief tries to steal EV cable from outside Henderson home, EV charging stations nationwide target...",,lostacoshermanos,1722102566.0,769,videos
New charging Technology discovered by a Morrocan inventor to charge EV batteries in just 10 min without damaging batteries lifespan,,hichamind,1625955473.0,6730,tech
7-Eleven to install 500 EV charging stations by the end of 2022,,txiao007,1622618166.0,6381,technews
The U.S. Is Pumping $5 Billion Into EV Charging Stations,,VedantGogia,1644667979.0,3008,technology
"Hertz Charging a Tesla Renter for Gas Was Not an Isolated Incident | Hertz billing a customer hundreds of dollars for gas in an EV wasn‚Äôt a one-off mistake. In fact, it may have been happening for more than a year.",,mepper,1716239281.0,2755,technology
Exclusive: Exclusive: EV maker Rivian to adopt Tesla's charging standard,,refpuz,1687265174.0,1294,electricvehicles
7-Eleven to install 500 EV charging stations by the end of 2022,,standbyforskyfall,1622576240.0,4376,cars
Jackasses that park in free EV charging and don‚Äôt plug in.,"Left local grocery store in Lakewood Wa.   Go to unplug my car and a 60ish white male pulls into the other EV free parking spot.  

He‚Äôs walking into the store.  I say to him ‚Äúdude don‚Äôt park there cuz it‚Äôs convenient but not charge your car.   It gives Teslas a bad rep, and is taking away charging for those who might need to‚Äù.  

He looks at me and I say ‚Äúseriously‚Äù.  

He sees me get in my Tesla, walks back and opens his car as I pull out.   Im thinking maybe he is plugging in, or getting out his charge adapter.  

I circle around the parking lot.  Nope.   All an act.   

Idiot.  Not sure if he‚Äôs a new Tesla owner.   But this type of behavior needs to stop.  

Any suggestions?  

",BernietheDog2021,1717010360.0,992,TeslaModel3
"Hey Reddit, I‚Äôm Hoss Hassani, VP of the EV Charging Ecosystem at GM. We‚Äôre on a journey to get everybody in an electric vehicle‚Äì and it all starts with ownership education. From technology strategy to charging accessibility and GM's product lineup, I'm here to answer your EV questions. AMA below!","&#x200B;

https://preview.redd.it/6hz9h4mv95i91.jpg?width=2267&format=pjpg&auto=webp&s=0a1cfcd6e46d9ee76ead3233a44ac2874f2b1fa2

EDIT: Thanks everyone for joining the AMA. It was great to hear your questions about our electrifying product line and owning an EV. Even though our time together has come to an end, I‚Äôd like to share one final thought: EV ownership will be very much accessible and approachable for any family. Still on the fence about becoming an EV owner? Check out the questions from fellow Redditors in our recent AMA.

Want to learn more about me?

I lead GM‚Äôs EV Charging Ecosystem organization and our goal is to accelerate EV adoption through education, engagement, charging solutions, and charging infrastructure across all domains (home, workplace, commercial, public). I‚Äôve been around the world, and I‚Äôve held positions in sales, service, marketing, strategy, urban mobility, and innovation for GM in Canada, the Middle East, Europe, and now the mothership in Michigan. Before this role, I was Managing Director for Cadillac in Canada. I‚Äôm excited to grow the adoption of electric vehicle ownership and can‚Äôt wait to answer your questions.",GeneralMotors,1659958330.0,1453,u_GeneralMotors
Meanwhile at Sylvia Parks limited EV charging parks,,PlatypusImpressive35,1715568507.0,734,auckland
"Richmond RCMP - You called, we answered. 18 charges laid during a 2-hour HOV lane operation. üëÆüö©This spot on Russ Baker way requires 3 persons, no EV decal exception. Violators were pulled over and served their charges on the shoulder so that the HOV was free for proper users",,cyclinginvancouver,1727971855.0,664,vancouver
Why do rental companies provide EVs with almost no charge?,"So I arrive at the airport and see Avis has me in a Mach-E. Cool!  Love to try it put!  I get there car is a 25% charge and only 80 miles of range but I have to immediately drive 60 miles so I need to swap to a gas car.  Idiots!

Why the hell to they not have it at least 50% of charge for waiting customers in case they have to immediately drive a long way!  

I‚Äôve heard this story before. For people who don‚Äôt like the idea of EVs it‚Äôs giving them a bad name.  

Rant over‚Ä¶",Cali_Longhorn,1734999754.0,491,electricvehicles
"A universal ‚ÄòPlug and Charge‚Äô protocol for EV charging is coming in 2025 | No more fobs, no more app signups. Just plug in and start charging.",,chrisdh79,1733324312.0,1109,Futurology
"A startup opened orders for a $26,000 solar-powered EV that it claims never needs charging. The first batch sold out in 24 hours.",,UnstatesmanlikeChi,1607607675.0,3342,technology
Gotta Love Free Charging at Work. We have 80 EV Chargers.,"Most of the cars are Teslas. We also have some IONIQ5, Kia EV 6, VW ID6 and different Plug-in Hybrids charging. On a busy day, you can barely find a spot before lunch time. After lunch time, it‚Äôs usually less busy. More worksplaces should do this.",byteboss91,1686773254.0,1822,TeslaModel3
Mercedes-Benz will build a $1 billion EV fast-charging network in the US,,Sorin61,1672944436.0,2386,technology
Samsung delivers 600-mile solid-state EV battery as it teases 9-minute charging and 20-year lifespan tech,,self-fix,1722095784.0,851,electricvehicles
Ol‚Äô Macdonalds Resort charging $60 per day for EV owners,"Just an FYI to any EV drivers that Ol' Macdonald Resort campground at Buffalo lake is charging EV owners an extra $60 per day to bring their vehicles onto the property.  Not to charge (which would still be ridiculously expensive) but to quite literally have your car on the property.  

As a camper and EV driver I certainly know where I'm not welcome.",Bc2cc,1721836373.0,524,alberta
Sweden is building the world's first permanent electrified road for EVs to charge while driving,,oblique_shockwave,1682779536.0,4453,technews
Feds putting the kibosh on national EV charging program | DOT orders states to halt plans to build federally funded EV stations.,,chrisdh79,1739022678.0,757,Futurology
"CBS's Brennan To Buttigieg: How Is It Possible That $7.5 Billion Investment Has Only Produced ""7 Or 8"" EV Charging Stations So Far?","It‚Äôs a shame the US Government is not ‚ÄúFluent in Finance‚Äù.

Remind me how many charging stations Tesla built.

",Sir_John_Galt,1716838145.0,610,FluentInFinance
